ACC,No,NS
EFRAN BERKAT ADITAMA,VEBA000001,EFRAN BERKAT ADITAMA
SUMBER MANDIRI SURABAYA. PT,VEBA000002,SUMBER MANDIRI SURABAYA. PT
TIKET.COM,VEBA000003,TIKET.COM
GROSIR CCTV INDO,VEBA000004,GROSIR CCTV INDO
NIKYSAY KARYA SUKSES. PT,VEBA000005,NIKYSAY KARYA SUKSES. PT
TRAVELOKA,VEBA000006,TRAVELOKA
AIR ASIA INDONESIA,VEBA000007,AIR ASIA INDONESIA
TERANG MAKMUR,VEBA000008,TERANG MAKMUR
BERKAH MANDIRI GLOBALINDO. PT,VEBA000009,BERKAH MANDIRI GLOBALINDO. PT
MIURA INDONESIA. PT,VEBA000010,MIURA INDONESIA. PT
GNW TRANSPORT,VEBA000011,GNW TRANSPORT
SUMBER SARI. UD,VEBA000012,SUMBER SARI. UD
RATNA JAYA,VEBA000013,RATNA JAYA
ACE HARDWARE,VEBA000014,ACE HARDWARE
SUMBER ABADI BAJA PERKASA,VEBA000015,SUMBER ABADI BAJA PERKASA
TOKOPEDIA,VEBA000016,TOKOPEDIA
ANUGRAH CEMERLANG. CV,VEBA000017,ANUGRAH CEMERLANG. CV
CAKRA BESI INDOPRIMA. CV,VEBA000018,CAKRA BESI INDOPRIMA. CV
SINAR JAYA,VEBA000019,SINAR JAYA
WATER TEKNINDO PRATAMA,VEBA000020,WATER TEKNINDO PRATAMA
JAYA MAJU ABADI,VEBA000021,JAYA MAJU ABADI
PIONIR ELEKTRIK JAKARTA,VEBA000022,PIONIR ELEKTRIK JAKARTA
BEST ARGO LOGISTIK,VEBA000023,BEST ARGO LOGISTIK
PLAZA TOYOTA,VEBA000024,PLAZA TOYOTA
CAHAYA PANEL MANDIRI,VEBA000025,CAHAYA PANEL MANDIRI
FERRY BAPAK SUKABUMI,VEBA000026,FERRY BAPAK SUKABUMI
BINTANG JAYA. PD,VEBA000027,BINTANG JAYA. PD
TOKO CAT BINTANG JAYA,VEBA000028,TOKO CAT BINTANG JAYA
MBT STEEL,VEBA000029,MBT STEEL
TOKO UMUM,VEBA000030,TOKO UMUM
DUNIA ELECTRIC,VEBA000031,DUNIA ELECTRIC
TRI MURNI JAYA,VEBA000032,TRI MURNI JAYA
DIPO INTERNASIONAL PAHALA OTOMOTIF PT,VEBA000033,DIPO INTERNASIONAL PAHALA OTOMOTIF PT
TAMA COOL PT,VEBA000034,TAMA COOL PT
"GALVALINDO UTAMA MANDIRI, PT",VEBA000035,"GALVALINDO UTAMA MANDIRI, PT"
KENCANA MAJU BERSAMA PT,VEBA000036,KENCANA MAJU BERSAMA PT
SARANA NIKOTEKNIK PT,VEBA000037,SARANA NIKOTEKNIK PT
SHOPEE INDONESIA,VEBA000038,SHOPEE INDONESIA
PRIMA COMPUTINDO,VEBA000039,PRIMA COMPUTINDO
DATA ACOMINDO MITRAUSAHA PT,VEBA000040,DATA ACOMINDO MITRAUSAHA PT
ALPINECOOL MANDIRI TEHNIK,VEBA000041,ALPINECOOL MANDIRI TEHNIK
VST,VEBA000042,VST
AROFA UD,VEBA000043,AROFA UD
JAYA UTAMA BEARINGS PT,VEBA000044,JAYA UTAMA BEARINGS PT
ABADI GEMILANG PERKASA PT,VEBA000045,ABADI GEMILANG PERKASA PT
INDO ELECTRIC,VEBA000046,INDO ELECTRIC
PINGUIN COMPUTER,VEBA000047,PINGUIN COMPUTER
BINA GUNA,VEBA000048,BINA GUNA
JAVA TEKNIK CV,VEBA000049,JAVA TEKNIK CV
SEJAHTERA GEMILANG CV,VEBA000050,SEJAHTERA GEMILANG CV
GUNTUR UD,VEBA000051,GUNTUR UD
PRINTER INK GALLERY,VEBA000052,PRINTER INK GALLERY
RAMA SAKTI MANDIRI,VEBA000053,RAMA SAKTI MANDIRI
VISTA BATTERY,VEBA000054,VISTA BATTERY
SINAR GEMILANG,VEBA000055,SINAR GEMILANG
AHWIL,VEBA000056,AHWIL
"REFRIGERASI INDO TAMA, PT",VEBA000057,"REFRIGERASI INDO TAMA, PT"
MANSUR UD,VEBA000058,MANSUR UD
UNTUNG TEKNIK,VEBA000059,UNTUNG TEKNIK
NAGA MAS,VEBA000060,NAGA MAS
"SAHABAT II, UD",VEBA000061,"SAHABAT II, UD"
SOLUTION - SURABAYA,VEBA000062,SOLUTION - SURABAYA
BRATACO CHEMIKA . PT,VEBA000063,BRATACO CHEMIKA . PT
NORTON SHOWROOM,VEBA000064,NORTON SHOWROOM
WARNA JAYA TOKO,VEBA000065,WARNA JAYA TOKO
KURNIA MULIA CITRA LESTARI PT,VEBA000066,KURNIA MULIA CITRA LESTARI PT
HW ELEKTRINDO,VEBA000067,HW ELEKTRINDO
SINAR BAUT JAYA,VEBA000068,SINAR BAUT JAYA
SARI BUMI BANGUNAN,VEBA000069,SARI BUMI BANGUNAN
KUSUMA JAYA,VEBA000070,KUSUMA JAYA
JAYA MAKMUR 2,VEBA000071,JAYA MAKMUR 2
ASIA BEARINDO SEJAHTERA,VEBA000072,ASIA BEARINDO SEJAHTERA
SERBA AGUNG TEKNIK,VEBA000073,SERBA AGUNG TEKNIK
FATA TEHNIK,VEBA000074,FATA TEHNIK
TEHNIK ABADI TOKO,VEBA000075,TEHNIK ABADI TOKO
RAJA SANITARY MURAH,VEBA000076,RAJA SANITARY MURAH
"EXCELINDO TIMBANGAN, CV",VEBA000077,"EXCELINDO TIMBANGAN, CV"
AJIDHARMA CORPORINDO PT,VEBA000078,AJIDHARMA CORPORINDO PT
PRIMA KARYA AGUNG PT,VEBA000079,PRIMA KARYA AGUNG PT
SUMBER MANDIRI PRIMA,VEBA000080,SUMBER MANDIRI PRIMA
SUMBER MANDIRI,VEBA000081,SUMBER MANDIRI
"CAHAYA MAS, UD",VEBA000082,"CAHAYA MAS, UD"
INDUSTRIAL MULTI FAN PT,VEBA000083,INDUSTRIAL MULTI FAN PT
LOGAM MAS,VEBA000084,LOGAM MAS
SINAR KENCANA UD,VEBA000085,SINAR KENCANA UD
PANCA JAYA,VEBA000086,PANCA JAYA
SURYA BARU,VEBA000087,SURYA BARU
MERAK JAYA BETON PT,VEBA000088,MERAK JAYA BETON PT
"BESI PERDANA, TOKO",VEBA000089,"BESI PERDANA, TOKO"
"SEPATU REMAJA, TOKO",VEBA000090,"SEPATU REMAJA, TOKO"
"NEW STAR KAWITAN, TOKO",VEBA000091,"NEW STAR KAWITAN, TOKO"
"SENTRAS BOX INDONESIA, PT",VEBA000092,"SENTRAS BOX INDONESIA, PT"
"DUTA SURYA PERMATA, PT",VEBA000093,"DUTA SURYA PERMATA, PT"
SUMBER HIDUP BARU 3,VEBA000094,SUMBER HIDUP BARU 3
"MUTIARA PUTIH, TOKO",VEBA000095,"MUTIARA PUTIH, TOKO"
KELIRKU CRAFT & SOUVENIR,VEBA000096,KELIRKU CRAFT & SOUVENIR
TOTAL DWI DAYA,VEBA000097,TOTAL DWI DAYA
HASTA JAYA MARINA,VEBA000098,HASTA JAYA MARINA
MITRA 10,VEBA000099,MITRA 10
SEMI JAYA,VEBA000100,SEMI JAYA
ESIA RUBBER,VEBA000101,ESIA RUBBER
MANDIRI JAYA ARTHA,VEBA000102,MANDIRI JAYA ARTHA
MUSTOFA JAYA TEKNIK,VEBA000103,MUSTOFA JAYA TEKNIK
KURNIA MULIA CITRA LESTARI . PT,VEBA000104,KURNIA MULIA CITRA LESTARI . PT
"JAYA SENTOSA, TOKO",VEBA000105,"JAYA SENTOSA, TOKO"
ANEKA RIA,VEBA000106,ANEKA RIA
AMAZON.COM,VEBA000107,AMAZON.COM
FIKRI JAYA CV,VEBA000108,FIKRI JAYA CV
SINAR SURYA TIMUR,VEBA000109,SINAR SURYA TIMUR
MAREL POULTRY B.V. (SPARE PART),VEBA000110,MAREL POULTRY B.V. (SPARE PART)
"LESTARINDO AMPUH PERKASA, PT",VEBA000111,"LESTARINDO AMPUH PERKASA, PT"
IRA JAYA ALLUMINIUM,VEBA000112,IRA JAYA ALLUMINIUM
"SURYA UTAMA TEKNOLOGI, PT",VEBA000113,"SURYA UTAMA TEKNOLOGI, PT"
"GUNAWAN FAJAR, PT",VEBA000114,"GUNAWAN FAJAR, PT"
TUMPENG VARIANI,VEBA000115,TUMPENG VARIANI
UTOMO CIPTA SENTOSA.PT,VEBA000116,UTOMO CIPTA SENTOSA.PT
LESTARI SINAR JAYA,VEBA000117,LESTARI SINAR JAYA
SENANG PD,VEBA000118,SENANG PD
"SARANA VETERINARIA JAYA ABADI, PT",VEBA000119,"SARANA VETERINARIA JAYA ABADI, PT"
SILGA. PT,VEBA000120,SILGA. PT
ANUGERAH CEMERLANG JAYA .CV,VEBA000121,ANUGERAH CEMERLANG JAYA .CV
CERITA BRASINDO ABADI CHEMICAL INDUSTRY . PT,VEBA000122,CERITA BRASINDO ABADI CHEMICAL INDUSTRY . PT
ANEKA ELEKTRONIK,VEBA000123,ANEKA ELEKTRONIK
CITA RASA PRIMA . PT,VEBA000124,CITA RASA PRIMA . PT
ANEKA UTAMA INDAH,VEBA000125,ANEKA UTAMA INDAH
ANEKA TC,VEBA000126,ANEKA TC
PERDANA TOKO BESI,VEBA000127,PERDANA TOKO BESI
RJ STEEL,VEBA000128,RJ STEEL
HARIANTO TEKNIK CV,VEBA000129,HARIANTO TEKNIK CV
SENTRAL NIAGA UNGGAS PT,VEBA000130,SENTRAL NIAGA UNGGAS PT
KIMIA FARMA APOTEK,VEBA000131,KIMIA FARMA APOTEK
MIURA,VEBA000132,MIURA
HAJAR ASWAD CV,VEBA000133,HAJAR ASWAD CV
M PAULUS FRANCISCUS P,VEBA000134,M PAULUS FRANCISCUS P
KOBEVINDO SAKTI,VEBA000135,KOBEVINDO SAKTI
TAMBAH JAYA UD,VEBA000136,TAMBAH JAYA UD
TAMBAH JAYA UD,VEBA000137,TAMBAH JAYA UD
NEW PRAKTIKA ALKESINDO PT,VEBA000138,NEW PRAKTIKA ALKESINDO PT
HARIANTO TEKNIK CV,VEBA000139,HARIANTO TEKNIK CV
PRIMA FARMASINDO LESTARI PT,VEBA000140,PRIMA FARMASINDO LESTARI PT
SUMATRACO LANGGENG MAKMUR PT,VEBA000141,SUMATRACO LANGGENG MAKMUR PT
AKASIA CV,VEBA000142,AKASIA CV
JAYA SENTOSA,VEBA000143,JAYA SENTOSA
ANUGERAH BESTARI JAYA RAYA PT,VEBA000144,ANUGERAH BESTARI JAYA RAYA PT
ASIAN BELTINDO JAYA PT,VEBA000145,ASIAN BELTINDO JAYA PT
AXIA MULTI SARANA PT,VEBA000146,AXIA MULTI SARANA PT
BARAKA SARANA TAMA PT,VEBA000147,BARAKA SARANA TAMA PT
MITRA MAJU,VEBA000148,MITRA MAJU
ALATBERATJATIM.COM,VEBA000149,ALATBERATJATIM.COM
IBU DESI - SURABAYA,VEBA000150,IBU DESI - SURABAYA
SUMBER CIPTA SOLUSI PT (INKJET CODING SOLUTION),VEBA000151,SUMBER CIPTA SOLUSI PT (INKJET CODING SOLUTION)
BAROKAH JAYA,VEBA000152,BAROKAH JAYA
KOIRI,VEBA000153,KOIRI
ENAM EMPAT TOKO,VEBA000154,ENAM EMPAT TOKO
BORNEO,VEBA000155,BORNEO
CATERING CHIO,VEBA000156,CATERING CHIO
CHIO CATHERING,VEBA000157,CHIO CATHERING
BAYU SETIAWAN,VEBA000158,BAYU SETIAWAN
GEMILANG  SUKSES PLASINDO,VEBA000159,GEMILANG  SUKSES PLASINDO
POLITAMA PRIMA ABADI PT,VEBA000160,POLITAMA PRIMA ABADI PT
PT. ALTINDO MULIA,VEBA000161,"ALTINDO MULIA, PT"
ALTINDO MULIA PT,VEBA000162,ALTINDO MULIA PT
DELTA BAUT TOKO,VEBA000163,DELTA BAUT TOKO
MULIA GUNUNG MAS PT,VEBA000164,MULIA GUNUNG MAS PT
WARSITO,VEBA000165,WARSITO
TRAVEL KARYA SURABAYA MANDIRI,VEBA000166,TRAVEL KARYA SURABAYA MANDIRI
BAPAK JIMMY EDWARD,VEBA000167,BAPAK JIMMY EDWARD
FATA TEHNIK,VEBA000168,FATA TEHNIK
TOKO PLASTIK,VEBA000169,TOKO PLASTIK
ADIMAS ISOLASITAMA . PT,VEBA000170,ADIMAS ISOLASITAMA . PT
DHARMA KENCANA CV,VEBA000171,DHARMA KENCANA CV
PERRY COLLECTION,VEBA000172,PERRY COLLECTION
SURYA ABADI UD,VEBA000173,SURYA ABADI UD
SURYA ABADI UD,VEBA000174,SURYA ABADI UD
MARGONO,VEBA000175,MARGONO
RESTU MANDIRI UD,VEBA000176,RESTU MANDIRI UD
TRI CIOMAS,VEBA000177,TRI CIOMAS
DHARMA KENCAN CV,VEBA000178,DHARMA KENCAN CV
U MIRAL,VEBA000179,U MIRAL
JABAL RAHMAH APOTEK,VEBA000180,JABAL RAHMAH APOTEK
SURYA 2 STATIONARY,VEBA000181,SURYA 2 STATIONARY
MULYA JAYA . CV,VEBA000182,MULYA JAYA . CV
SURABAYA TEKNIK,VEBA000183,SURABAYA TEKNIK
SINAR GAS UD,VEBA000184,SINAR GAS UD
SUMBER AIR HIDUP CV,VEBA000185,SUMBER AIR HIDUP CV
SURYA TEKNIK,VEBA000186,SURYA TEKNIK
SUMBER REJEKI UD,VEBA000187,SUMBER REJEKI UD
SUMBER KUAT,VEBA000188,SUMBER KUAT
SUMBER BAROKAH UD,VEBA000189,SUMBER BAROKAH UD
ANEKA PRATAMA CV,VEBA000190,ANEKA PRATAMA CV
DIMENSI ALKES BRAWIJAYA 78,VEBA000191,DIMENSI ALKES BRAWIJAYA 78
CITRA GUNA LESTARI UD,VEBA000192,CITRA GUNA LESTARI UD
ARMA JAYA,VEBA000193,ARMA JAYA
BAPAK ANDRIE SALIM,VEBA000194,BAPAK ANDRIE SALIM
AKUR JAYA TB,VEBA000195,AKUR JAYA TB
CALTESYS INDONESIA PT,VEBA000196,CALTESYS INDONESIA PT
WM COMPUTER,VEBA000197,WM COMPUTER
SUMBER MAJU JAYA MAKMUR,VEBA000198,SUMBER MAJU JAYA MAKMUR
KJ PRODUCTION,VEBA000199,KJ PRODUCTION
AGUS EKA EXPEDITION,VEBA000200,AGUS EKA EXPEDITION
RA SURABAYA,VEBA000201,RA SURABAYA
LIMA JAYA,VEBA000202,LIMA JAYA
SUGIONO SERVICE ACCU,VEBA000203,SUGIONO SERVICE ACCU
BERKAT ANUGERAH,VEBA000204,BERKAT ANUGERAH
SULIS JAYA,VEBA000205,SULIS JAYA
PORTO FOOD INDONESIA . PT,VEBA000206,PORTO FOOD INDONESIA . PT
BEONE SUKSESTAMA TEKNOLOGI. PT,VEBA000207,BEONE SUKSESTAMA TEKNOLOGI. PT
SUMBER REZEKI - M. SUHUD,VEBA000208,SUMBER REZEKI - M. SUHUD
CENTURY BEARINDO INTERANTIONAL.PT,VEBA000209,CENTURY BEARINDO INTERANTIONAL.PT
TJANDRA PUTRA,VEBA000210,TJANDRA PUTRA
MILAGRO,VEBA000211,MILAGRO
RELA MOTOR . UD,VEBA000212,RELA MOTOR . UD
DUNIA ELEKTRIK,VEBA000213,DUNIA ELEKTRIK
AMANAH MULIA,VEBA000214,AMANAH MULIA
PUTRA COLLECTION,VEBA000215,PUTRA COLLECTION
PATRA,VEBA000216,PATRA
VICTORIA CEMERLANG . PT,VEBA000217,VICTORIA CEMERLANG . PT
AENKA TC,VEBA000218,AENKA TC
PATRA,VEBA000219,PATRA
INDO POWER,VEBA000220,INDO POWER
GLOBAL ADVINDO PRATAMA. PT,VEBA000221,GLOBAL ADVINDO PRATAMA. PT
KUSWANTO,VEBA000222,KUSWANTO
KENCANA BISOFA MAKMUR,VEBA000223,KENCANA BISOFA MAKMUR
INDOMARCO PRISMATAMA. PT (INDOMARET),VEBA000224,INDOMARCO PRISMATAMA. PT (INDOMARET)
LUNETTE,VEBA000225,LUNETTE
FLORES,VEBA000226,FLORES
FLORES,VEBA000227,FLORES
BAPAK DEDDY LIM,VEBA000228,BAPAK DEDDY LIM
MAJU TOKO,VEBA000229,MAJU TOKO
JAVA CUTTING STICKER,VEBA000230,JAVA CUTTING STICKER
FARIDA JAYA PLASTIK,VEBA000231,FARIDA JAYA PLASTIK
PACIFIC SWALAYAN,VEBA000232,PACIFIC SWALAYAN
APOTEK EMPU NALA,VEBA000233,APOTEK EMPU NALA
PELITA TOKO,VEBA000234,PELITA TOKO
POS INDONESIA PT (PERSERO),VEBA000235,POS INDONESIA PT (PERSERO)
SINAR AGUNG STICKER,VEBA000236,SINAR AGUNG STICKER
BERJAYA,VEBA000237,BERJAYA
DELTA ELEKTRIK,VEBA000238,DELTA ELEKTRIK
COSMO MAKMUR INDONESIA.PT,VEBA000239,COSMO MAKMUR INDONESIA.PT
SAMI BERKAH,VEBA000240,SAMI BERKAH
TOKO SUPER,VEBA000241,TOKO SUPER
IJP INDO JAYA PAPER,VEBA000242,IJP INDO JAYA PAPER
SEMAR TOKO,VEBA000243,SEMAR TOKO
SINAR JAYA ABADI,VEBA000244,SINAR JAYA ABADI
NACHINDO TAPE INDUSTRY PT,VEBA000245,NACHINDO TAPE INDUSTRY PT
PACIFIC SWALAYAN,VEBA000246,PACIFIC SWALAYAN
NHM HELMET (NADIA HELM MOJOKERTO),VEBA000247,NHM HELMET (NADIA HELM MOJOKERTO)
SAHABAT INDAH MOTOR,VEBA000248,SAHABAT INDAH MOTOR
ANUGERAH PAPER & STATIONERY,VEBA000249,ANUGERAH PAPER & STATIONERY
LIBRA EMAS PERMATA PT,VEBA000250,LIBRA EMAS PERMATA PT
NIAGA TOKO,VEBA000251,NIAGA TOKO
JAKARTA PRINTER,VEBA000252,JAKARTA PRINTER
PT. PORTO FOOD INDONESIA,VEBA000253,PT. PORTO FOOD INDONESIA
ASTRA INTERNATIONAL TBK. TOYOTA. PT,VEBA000254,ASTRA INTERNATIONAL TBK. TOYOTA. PT
SILGA PERKASA .PT,VEBA000255,SILGA PERKASA .PT
MAHAMERU . CV,VEBA000256,MAHAMERU . CV
INDOMARET (CV. DAMAI),VEBA000257,INDOMARET (CV. DAMAI)
WIRA SETYA ANDIKA . PT,VEBA000258,WIRA SETYA ANDIKA . PT
HILDAN FATHONI INDONESIA .PT,VEBA000259,HILDAN FATHONI INDONESIA .PT
BINA SAPTA TUNGGAL GRAHA,VEBA000260,BINA SAPTA TUNGGAL GRAHA
KARUNIA MOJOKERTO,VEBA000261,KARUNIA MOJOKERTO
ASIA MOTOR,VEBA000262,ASIA MOTOR
CILIA PRISMA UTAMA MAKMUR .PT,VEBA000263,CILIA PRISMA UTAMA MAKMUR .PT
PRABU PENDAWA MOTOR. PT,VEBA000264,PRABU PENDAWA MOTOR. PT
SENTRA BOX INDONESIA .PT,VEBA000265,SENTRA BOX INDONESIA .PT
FIRZA . CV,VEBA000266,FIRZA . CV
INTISARI JAYA U.D,VEBA000267,INTISARI JAYA U.D
FORTUNA LABORATORIUM KLINIK,VEBA000268,FORTUNA LABORATORIUM KLINIK
SAKURA KRIAN TOKO,VEBA000269,SAKURA KRIAN TOKO
RUSDI,VEBA000270,RUSDI
CAHAYA PRINTING,VEBA000271,CAHAYA PRINTING
GUNAWAN PLASTIK . CV,VEBA000272,GUNAWAN PLASTIK . CV
ASIA MOTOR,VEBA000273,ASIA MOTOR
SIDU MOTOR,VEBA000274,SIDU MOTOR
TAHARICA .PT,VEBA000275,TAHARICA .PT
SRI MULYA,VEBA000276,SRI MULYA
ANEKA PLASTIK TOKO,VEBA000277,ANEKA PLASTIK TOKO
ISABELLA,VEBA000278,ISABELLA
ASIH CATERING,VEBA000279,ASIH CATERING
SARASWANTI INDO GENETECH . PT,VEBA000280,SARASWANTI INDO GENETECH . PT
KERJA MOTOR,VEBA000281,KERJA MOTOR
SANRIO,VEBA000282,SANRIO
H. ACHMAD KHOMSUN,VEBA000283,H. ACHMAD KHOMSUN
PERTAMINA,VEBA000284,PERTAMINA
MANDIRI PUTRA JAYA,VEBA000285,MANDIRI PUTRA JAYA
SUBUR SEDULUR,VEBA000286,SUBUR SEDULUR
OBRAS TOKO  BENANG,VEBA000287,OBRAS TOKO  BENANG
JATIM WATKORAYA.PT,VEBA000288,JATIM WATKORAYA.PT
SUMBER MAKMUR,VEBA000289,SUMBER MAKMUR
MAREL POULTRY B.V,VEBA000290,MAREL POULTRY B.V
RENTOKIL,VEBA000291,RENTOKIL
JAYA MAKMUR 2,VEBA000292,JAYA MAKMUR 2
JABAL RAHMAH,VEBA000293,JABAL RAHMAH
HOMINDO PERKASA,VEBA000294,HOMINDO PERKASA
MULYO TEHNIK,VEBA000295,MULYO TEHNIK
CAHAYA PRINTING,VEBA000296,CAHAYA PRINTING
CATERING BU INDAH,VEBA000297,CATERING BU INDAH
INDAH CATERING,VEBA000298,INDAH CATERING
LESTARINDO AMPUH PERKASA . PT,VEBA000299,LESTARINDO AMPUH PERKASA . PT
IBU RENNY,VEBA000300,IBU RENNY
KIKIJAYA AIRCONINDO. PT,VEBA000301,KIKIJAYA AIRCONINDO. PT
ASIAN BEARINDO JAYA . PT,VEBA000302,ASIAN BEARINDO JAYA . PT
BIGBOSS,VEBA000303,BIGBOSS
PRIMA UTAMA MULYA,VEBA000304,PRIMA UTAMA MULYA
SAKURA BEARING,VEBA000305,SAKURA BEARING
TUGU PERMATA CV,VEBA000306,TUGU PERMATA CV
ACHIYAR,VEBA000307,ACHIYAR
BIROTIKA SEMESTA . PT (DHL),VEBA000308,BIROTIKA SEMESTA . PT (DHL)
ANGLER BIOCHEMLAB . PT,VEBA000309,ANGLER BIOCHEMLAB . PT
CAHAYA PRINTING,VEBA000310,CAHAYA PRINTING
NHM HELMET,VEBA000311,NHM HELMET
DATA PERSADA,VEBA000312,DATA PERSADA
PUTRA RESTU IBU ABADI . PT,VEBA000313,PUTRA RESTU IBU ABADI . PT
USAHA JAYA DIESEL,VEBA000314,USAHA JAYA DIESEL
DARWIN SEJAHTERA . CV,VEBA000315,DARWIN SEJAHTERA . CV
SAKURA KRIAN,VEBA000316,SAKURA KRIAN
LANGGENG JAYA,VEBA000317,LANGGENG JAYA
SARPANI,VEBA000318,SARPANI
SUKASARI TEKNIK,VEBA000319,SUKASARI TEKNIK
ISMAIL BENGKEL,VEBA000320,ISMAIL BENGKEL
SELECTION TEKNIK SPRING / PER . CV,VEBA000321,SELECTION TEKNIK SPRING / PER . CV
INDRAPURA MEGAH MAKMUR,VEBA000322,INDRAPURA MEGAH MAKMUR
TOYOTA JEMUR SARI,VEBA000323,TOYOTA JEMUR SARI
BENGKEL BUBUT LAS,VEBA000324,BENGKEL BUBUT LAS
LISTRIK KITA.COM,VEBA000325,LISTRIK KITA.COM
JABA ARMINDO,VEBA000326,JABA ARMINDO
AGUNG JAYA FASTENERS,VEBA000327,AGUNG JAYA FASTENERS
GEMILANG TEKNIK,VEBA000328,GEMILANG TEKNIK
APOTEK MOJOKERTO,VEBA000329,APOTEK MOJOKERTO
TEGUH HERMAWAN YUSUF & REKAN,VEBA000330,TEGUH HERMAWAN YUSUF & REKAN
ANDRO MUBARAK . CV,VEBA000331,ANDRO MUBARAK . CV
SULIS JAYA,VEBA000332,SULIS JAYA
PLN PERSERO. PT,VEBA000333,PLN PERSERO. PT
ADIJAYA BUANASANTOSA,VEBA000334,ADIJAYA BUANASANTOSA
ROYAL TEKNINK GEMILANG . PT,VEBA000335,ROYAL TEKNINK GEMILANG . PT
HAGAJAYA KEMASINDO SARANA . PT,VEBA000336,HAGAJAYA KEMASINDO SARANA . PT
T KAN VARIASI,VEBA000337,T KAN VARIASI
BINTANG CEMERLANG ABADI,VEBA000338,BINTANG CEMERLANG ABADI
ADICITRA BHIRAWA. PT,VEBA000339,ADICITRA BHIRAWA. PT
MAKMUR JAYA AIR,VEBA000340,MAKMUR JAYA AIR
SENJA AYU,VEBA000341,SENJA AYU
MURNI MAPAN MANDIRI. PT,VEBA000342,MURNI MAPAN MANDIRI. PT
DENSO NEO AUTOKOOL. PT,VEBA000343,DENSO NEO AUTOKOOL. PT
WARU GUNUNG. PT,VEBA000344,WARU GUNUNG. PT
SEKAR JAYA MOTOR,VEBA000345,SEKAR JAYA MOTOR
BIOTEK INTI KORPORINDO. PT,VEBA000346,BIOTEK INTI KORPORINDO. PT
ANUGERAH BERLIMPAH BERKAT ABADI . PT,VEBA000347,ANUGERAH BERLIMPAH BERKAT ABADI . PT
RAJA KANTOR SURABAYA,VEBA000348,RAJA KANTOR SURABAYA
NASIONAL ELECTRONIC,VEBA000349,NASIONAL ELECTRONIC
WIRATECH JAYA MANDIRI . CV,VEBA000350,WIRATECH JAYA MANDIRI . CV
SB FLASH,VEBA000351,SB FLASH
BENGKEL MOBIL,VEBA000352,BENGKEL MOBIL
PT. ALIYAD DESTINASI INDONESIA,VEBA000353,PT. ALIYAD DESTINASI INDONESIA
HASIL NIAGA UD,VEBA000354,HASIL NIAGA UD
CHAIDAR CIOMAS,VEBA000355,CHAIDAR CIOMAS
HERI EXPEDISI,VEBA000356,HERI EXPEDISI
TUNAS TOYOTA,VEBA000357,TUNAS TOYOTA
TUNAS TOYOTA,VEBA000358,TUNAS TOYOTA
WAWAN CIOMAS,VEBA000359,WAWAN CIOMAS
ANDIK CIOMAS,VEBA000360,ANDIK CIOMAS
CIOMAS PROBOLINGGO,VEBA000361,CIOMAS PROBOLINGGO
CIOMAS KEDIRI,VEBA000362,CIOMAS KEDIRI
TIAS SIDOARJO,VEBA000363,TIAS SIDOARJO
HAIKAL,VEBA000364,HAIKAL
BENGKEL MOBIL DARJI,VEBA000365,BENGKEL MOBIL DARJI
CIOMAS TULUNG AGUNG,VEBA000366,CIOMAS TULUNG AGUNG
SUMBER JAYA BARU TOKO,VEBA000367,SUMBER JAYA BARU TOKO
CIOMAS BOJONEGORO,VEBA000368,CIOMAS BOJONEGORO
DEDI CIOMAS,VEBA000369,DEDI CIOMAS
AC WIJAYA,VEBA000370,AC WIJAYA
"IMM TOYOTA, INDRAPURA MEGAH MAKMUR. PT",VEBA000371,"IMM TOYOTA, INDRAPURA MEGAH MAKMUR. PT"
SATRIAGRAHA SEMPURNA . PT,VEBA000372,SATRIAGRAHA SEMPURNA . PT
SETIAWAN BAKTI JAYA. PT,VEBA000373,SETIAWAN BAKTI JAYA. PT
ADI JAYA . UD,VEBA000374,ADI JAYA . UD
CIOMAS MALANG,VEBA000375,CIOMAS MALANG
CIOMAS BLITAR,VEBA000376,CIOMAS BLITAR
SINAR SURYA,VEBA000377,SINAR SURYA
CIOMAS MOJOKERTO,VEBA000378,CIOMAS MOJOKERTO
SAUDARA JAYA / DUNIA TERPAL . UD,VEBA000379,SAUDARA JAYA / DUNIA TERPAL . UD
2 PUTRA JAYA,VEBA000380,2 PUTRA JAYA
CIOMAS JEMBER,VEBA000381,CIOMAS JEMBER
WALUYO . CV,VEBA000382,WALUYO . CV
CIOMAS LUMAJANG,VEBA000383,CIOMAS LUMAJANG
MIRSA ITA DEWI ADIANA,VEBA000384,MIRSA ITA DEWI ADIANA
CIOMAS TUBAN,VEBA000385,CIOMAS TUBAN
CIOMAS LAMONGAN,VEBA000386,CIOMAS LAMONGAN
BRATANG JAYA TOKO,VEBA000387,BRATANG JAYA TOKO
SAVETA . PT,VEBA000388,SAVETA . PT
MAKMUR JAYA DIESEL,VEBA000389,MAKMUR JAYA DIESEL
CIOMAS BANYUWANGI,VEBA000390,CIOMAS BANYUWANGI
EKA SEAFOOD TRANS,VEBA000391,EKA SEAFOOD TRANS
CIOMAS SRAGEN,VEBA000392,CIOMAS SRAGEN
DELI JAYA,VEBA000393,DELI JAYA
B J U . PT,VEBA000394,B J U . PT
DELI JAYA,VEBA000395,DELI JAYA
AMANAH . UD,VEBA000396,AMANAH . UD
TRIJAYA LESTARI FOOD.PT,VEBA000397,TRIJAYA LESTARI FOOD.PT
CIOMAS MADIUN,VEBA000398,CIOMAS MADIUN
CIOMAS SINGOSARI,VEBA000399,CIOMAS SINGOSARI
CIOMAS MADIUN,VEBA000400,CIOMAS MADIUN
FAJAR JAYA MEDIKA,VEBA000401,FAJAR JAYA MEDIKA
,VEBA000402,SINAR JAYA ELEKTRIK
2 PUTRA JAYA,VEBA000403,2 PUTRA JAYA
SINAR MAS LISTRIK,,
PURI PANGAN SEJATI,,
LIEK MOTOR . PT,,
TYAS EXPEDISI,,
BONDAN EXPEDISI,,
AGUS SUMITRO,,
GLOBAL SENTRACOM,,
ILHAM JAYA PLASTIK 1,,
INDIHOME,,
WAHYU ELECTRO MOTOR - SERVICE DINAMO,,
AJBS FASTENERS,,
CIOMAS ADISATWA . PT,,
SUMBER BIRU UNGGAS GROUP . PT,,
BPJS KETENAGAKERJAAN,,
BPJS KESEHATAN,,
SARANA,,
KONSULTAN PAJAK - DRS DEDY D. RASMIN & REKAN,,
PT. SAMUDERA NAGA GLOBAL,,
CHANDRA EXPEDISI,,
DWI RAHAYU EXPEDISI,,
KOKOH MAJU BERDIKARI . PT,,
TUNAS RIDEAN TBK . PT,,
CANDRA EXPEDISI,,
SINAR SURYA ABADI SEJAHTERA .PT,,
"ROTARYANA JAKARTA , PT",,
MAREL A/S,,
"MOON ENVIRONMENT TECHNOLOGY CO., LTD",,
SINAR SURYA ABADI SEJAHTERA. PT,,
PT. TRIO EAGLE LOGISTIC,,
DIREKTORAT JENDERAL PAJAK,,
CV. AMBASSADOR,,
MLIMPAH ANUGERAH SENTOSA ABADI .CV,,
MELIMPAH ANUGERAH SENTOSA ABADI .CV,,
RIZKI JAYA BAN,,
AXIO SURABAYA,,
DURA NAGA BAJA SAKTI . PT,,
HOSHI INDONESIA . CV,,
STEMPEL,,
EDWIN TJOKROAMIDJOJO,,
SHELTER NUSANTARA. PT,,
WARU GUNUNG . PT / AP BOOTS,,
HARMONIS SENTRA SEMESTA .PT,,
SEKAR AYU,,
SAMACO KARKASINDO UTAMA. PT,,
A.U ABADI CV,,
HARMONIS SENTRA SEMESTA .PT,,
ROTARYANA JAKARTA . PT,,
GEMILANG INTI SUKSES .PT,,
CIPTAQUA,,
GEMILANG INTI SUKSES . PT,,
"KOKOH INTI AREBAMA , TBK .PT",,
CIOMAS PONOROGO,,
PT. TIRTAMAS COLDSTORINDO LOGISTIK,,
MOJOSARI TEKNIK,,
AGUS SERVICE . UD,,
ANUGERAH MEGAH PERKASA,,
PT. SOFFALUX BERKAH JAYA,,
SINAR SURYA BAN,,
BAPAK ERIK SALIM,,
SUPER UNGGAS JAYA,,
TIMUR JAYA INDOSTEEL . PT,,
BUDI EXPEDISI,,
BAPAK ROWI,,
CAHAYA ORGANIK 88,,
BAPAK DEPPY HARYANTO,,
JAYA RAYA DIESEL,,
KANTOR KONSULTAN PAJAK DRS DEDY D. RASMIN & REKAN,,
TIBEKA LOGISTIK INDONESIA .PT,,
SHENZHEN LIER MACHINERY EQUIPMENT CO LTD,,
SOFFALUX BERKAH JAYA . PT,,
SATRIO BUDIMAN,,
KARYA MANDIRI SEJAHTERA . CV,,
BINTANG WIJAYA SUKSES . PT,,
KASIH KARUNIA ABADI,,
YESINDO  PERKASA .CV,,
SARI AGUNG TOKO,,
SMILE ISLAND CORP,,
BROILER UD (BUDI),,
SUKOYO,,
CANTIK ETC,,
INDOMARCO PRISMATAMA .PT,,
LILIK HELM,,
AROFA. UD,,
YOLIS SEJATI. CV,,
GUNUNG JATI INDOJAYA. PT,,
GUARDIAN .PT,,
PANCA JAYA TOKO,,
SINGA MERAH,,
JAYA SAKTI,,